minute,elapsed_s,requests,successes,errors,disconnects,cancellations,stream,nonstream,tool,long_prompt,health_ok,models_ok,latency_p50_ms,latency_p95_ms,latency_p99_ms,rss_mb,threads,open_files,metal_active_gb,metal_cache_gb,metal_peak_gb,running,waiting,model_loaded,model_load_total,model_unload_total,model_idle_ttl_s
0,0.0,0,0,0,0,0,0,0,0,0,1,1,,,,1317.0,27,200,,,,0,0,False,6,6,30.0
1,60.0,19,19,0,1,1,7,5,4,1,1,1,14498.3,20816.2,20816.2,3812.7,29,206,4.56,0.18,8.88,5,0,True,7,6,30.0
2,120.0,17,17,0,2,0,5,6,3,1,1,1,19026.0,27811.6,27811.6,3813.2,29,206,6.04,1.21,8.88,6,0,True,7,6,30.0
3,180.0,6,6,0,0,0,3,2,1,0,1,1,16022.7,26138.2,26138.2,1544.9,28,200,,,,0,0,False,7,7,30.0
4,240.0,0,0,0,0,0,0,0,0,0,1,1,,,,1544.9,28,200,,,,0,0,False,7,7,30.0
idle-1,290.0,0,0,0,0,0,0,0,0,0,1,1,,,,1544.9,28,200,,,,0,0,False,7,7,30.0
5,300.0,0,0,0,0,0,0,0,0,0,1,1,,,,4018.4,30,206,2.37,0.0,8.88,0,1,False,7,7,30.0
6,360.0,9,9,0,1,1,2,3,2,0,1,1,30572.9,41711.2,41711.2,4159.6,30,206,7.32,1.0,8.96,6,0,True,8,7,30.0
7,420.0,14,14,0,1,0,5,5,2,1,1,1,27174.7,36832.3,36832.3,4160.7,30,206,6.11,1.55,8.96,5,0,True,8,7,30.0
8,480.0,6,6,0,0,1,1,2,1,1,1,1,15843.8,25059.2,25059.2,1897.7,29,200,,,,0,0,False,8,8,30.0
9,540.0,0,0,0,0,0,0,0,0,0,1,1,,,,1897.7,29,200,,,,0,0,False,8,8,30.0
idle-2,590.0,0,0,0,0,0,0,0,0,0,1,1,,,,1897.7,29,200,,,,0,0,False,8,8,30.0
10,600.0,0,0,0,0,0,0,0,0,0,1,1,,,,4268.5,31,206,2.37,0.0,8.96,0,1,True,9,8,30.0
11,660.0,7,7,0,1,0,3,2,1,0,1,1,39959.6,51723.3,51723.3,4350.7,31,206,7.22,1.1,9.24,5,0,True,9,8,30.0
12,720.0,12,12,0,1,1,4,4,2,0,1,1,31390.3,38628.8,38628.8,4352.1,31,206,5.99,0.45,9.24,6,0,True,9,8,30.0
13,780.0,6,6,0,0,0,2,2,2,0,1,1,20112.4,32918.6,32918.6,2089.9,30,200,,,,0,0,False,9,9,30.0
14,840.0,0,0,0,0,0,0,0,0,0,1,1,,,,2089.9,30,200,,,,0,0,False,9,9,30.0
idle-3,890.0,0,0,0,0,0,0,0,0,0,1,1,,,,2089.9,30,200,,,,0,0,False,9,9,30.0
15,900.0,0,0,0,0,0,0,0,0,0,1,1,,,,4489.4,32,206,2.37,0.0,9.24,0,1,False,9,9,30.0
16,960.0,7,7,0,1,0,1,3,1,1,1,1,42068.7,55295.5,55295.5,3654.8,32,206,6.82,0.79,9.24,6,0,True,10,9,30.0
17,1020.0,21,21,0,1,1,7,7,4,1,1,1,17317.7,30094.0,30094.0,3608.6,32,206,6.73,0.68,9.24,4,0,True,10,9,30.0
18,1080.0,5,5,0,0,0,3,2,0,0,1,1,14509.6,21815.7,21815.7,1348.8,30,200,,,,0,0,False,10,10,30.0
19,1140.0,0,0,0,0,0,0,0,0,0,1,1,,,,1348.8,30,200,,,,0,0,False,10,10,30.0
idle-4,1190.0,0,0,0,0,0,0,0,0,0,1,1,,,,1348.8,30,200,,,,0,0,False,10,10,30.0
20,1200.0,0,0,0,0,0,0,0,0,0,1,1,,,,3878.7,33,206,2.37,0.0,9.24,0,1,False,10,10,30.0
21,1260.0,9,9,0,1,1,2,3,1,1,1,1,26461.3,33181.2,33181.2,4004.0,33,206,6.38,0.9,9.27,6,0,True,11,10,30.0
22,1320.0,13,13,0,1,0,4,5,3,0,1,1,30480.6,41612.6,41612.6,4004.1,32,206,5.44,2.35,9.27,5,0,True,11,10,30.0
23,1380.0,6,6,0,1,0,2,1,1,1,1,1,24909.4,26686.6,26686.6,1743.8,32,200,,,,0,0,False,11,11,30.0
24,1440.0,0,0,0,0,0,0,0,0,0,1,1,,,,1743.8,32,200,,,,0,0,False,11,11,30.0
idle-5,1490.0,0,0,0,0,0,0,0,0,0,1,1,,,,1743.8,32,200,,,,0,0,False,11,11,30.0
25,1500.0,0,0,0,0,0,0,0,0,0,1,1,,,,4223.0,34,206,2.37,0.0,9.27,0,1,True,12,11,30.0
26,1560.0,7,7,0,0,1,3,2,1,0,1,1,35062.8,41884.3,41884.3,4395.0,34,206,7.38,1.48,9.27,6,0,True,12,11,30.0
27,1620.0,14,14,0,2,0,6,3,3,0,1,1,26997.1,36711.0,36711.0,4395.2,34,206,6.9,1.65,9.36,5,0,True,12,11,30.0
28,1680.0,5,5,0,0,0,0,4,1,0,1,1,28155.7,29163.4,29163.4,2134.1,33,200,,,,0,0,False,12,12,30.0
29,1740.0,0,0,0,0,0,0,0,0,0,1,1,,,,2134.1,33,200,,,,0,0,False,12,12,30.0
idle-6,1790.0,0,0,0,0,0,0,0,0,0,1,1,,,,2134.1,33,200,,,,0,0,False,12,12,30.0
30,1800.0,0,0,0,0,0,0,0,0,0,1,1,,,,2134.1,33,200,,,,0,0,False,12,12,30.0
31,1800.1,0,0,0,0,0,0,0,0,0,1,1,,,,2134.1,33,200,,,,0,0,False,12,12,30.0
